<?xml version='1.0' encoding='utf-8'?>
<!DOCTYPE hibernate-configuration PUBLIC
        "-//Hibernate/Hibernate Configuration DTD//EN"
        "http://www.hibernate.org/dtd/hibernate-configuration-3.0.dtd">
<hibernate-configuration>
    <session-factory>
    
    	<!-- connection pool configs -->
	    <property name="c3p0.acquire_increment">1</property> 
		<property name="c3p0.idle_test_period">100</property> <!-- seconds --> 
		<property name="c3p0.max_size">15</property> 
		<property name="c3p0.min_size">1</property> 
		<property name="c3p0.timeout">600</property>
    
        <property name="connection.url">jdbc:mysql://localhost/MetricMiner</property>
        <property name="connection.driver_class">com.mysql.jdbc.Driver</property>
        <property name="dialect">org.hibernate.dialect.MySQL5InnoDBDialect</property>
        <property name="connection.username">root</property>
        <property name="connection.password"></property>
        <property name="hibernate.hbm2ddl.auto">update</property>
        <property name="show_sql">false</property>
        <property name="format_sql">false</property>
        <property name="hibernate.generate_statistics">true</property>

		<!-- second level cache configs -->
        <property name="hibernate.cache.region.factory_class">net.sf.ehcache.hibernate.EhCacheRegionFactory</property>
        <property name="hibernate.cache.use_second_level_cache">false</property>
        <property name="hibernate.cache.use_query_cache">true</property>
         
        <mapping class="org.metricminer.model.ProjectConfigurationEntry" />
        <mapping class="org.metricminer.model.TaskConfigurationEntry" />
        <mapping class="org.metricminer.model.Task" />
        <mapping class="org.metricminer.model.Project" />
        <mapping class="org.metricminer.model.SourceCode" />
        <mapping class="org.metricminer.model.Tag"/>
        <mapping class="org.metricminer.model.BlamedLine"/>  
        <mapping class="org.metricminer.model.Artifact"/>  
        <mapping class="org.metricminer.model.Author"/>
        <mapping class="org.metricminer.model.Commit"/>
        <mapping class="org.metricminer.model.Modification"/>
        <mapping class="org.metricminer.model.Query"/>
        <mapping class="org.metricminer.model.QueryResult"/>  
        <mapping class="org.metricminer.model.CalculatedMetric"/>  
        <mapping class="org.metricminer.model.User"/>  
        <mapping class="org.metricminer.model.Diff"/>  
        <mapping class="org.metricminer.model.CommitMessage"/>  
        <mapping class="org.metricminer.model.StatisticalTest"/>  
        <mapping class="org.metricminer.model.StatisticalTestResult"/>  
        
        <mapping class="org.metricminer.tasks.metric.lcom.LComResult" />
        <mapping class="org.metricminer.tasks.metric.cc.CCResult" />
        <mapping class="org.metricminer.tasks.metric.fanout.FanOutResult" />
        <mapping class="org.metricminer.tasks.metric.invocation.MethodsInvocationResult" />
        <mapping class="org.metricminer.tasks.metric.lines.LinesOfCodeResult" />
        <mapping class="org.metricminer.tasks.metric.methods.MethodsCountResult" />
        <mapping class="org.metricminer.tasks.metric.testedmethods.TestedMethodFinderResult" />
        
        <mapping class="org.metricminer.tasks.projectmetric.truckfactor.TruckFactorResult" />

    </session-factory>
</hibernate-configuration>
