"Apache Camel";"git://git.apache.org/camel.git";"camel.git"
"Apache Cassandra";"git://git.apache.org/cassandra.git";"cassandra.git"
"Apache Cayenne";"git://git.apache.org/cayenne.git";"cayenne.git"
"Apache Chainsaw";"git://git.apache.org/chainsaw.git";"chainsaw.git"
"Apache Chemistry CMISLib";"git://git.apache.org/chemistry-cmislib.git";"chemistry-cmislib.git"
"Apache Chemistry DotCMIS";"git://git.apache.org/chemistry-dotcmis.git";"chemistry-dotcmis.git"
"Apache Chemistry JSClient";"git://git.apache.org/chemistry-jsclient.git";"chemistry-jsclient.git"
"Apache Chemistry OpenCMIS";"git://git.apache.org/chemistry-opencmis.git";"chemistry-opencmis.git"
"Apache Chemistry PHPClient";"git://git.apache.org/chemistry-phpclient.git";"chemistry-phpclient.git"
"Apache Chukwa (Incubating)";"git://git.apache.org/chukwa.git";"chukwa.git"
"Apache Clerezza";"git://git.apache.org/clerezza.git";"clerezza.git"
"Apache Cocoon";"git://git.apache.org/cocoon.git";"cocoon.git"
"Apache Commons CLI";"git://git.apache.org/commons-cli.git";"commons-cli.git"
"Apache Commons Codec";"git://git.apache.org/commons-codec.git";"commons-codec.git"
"Apache Commons Collections";"git://git.apache.org/commons-collections.git";"commons-collections.git"
"Apache Commons Compress";"git://git.apache.org/commons-compress.git";"commons-compress.git"
"Apache Commons Exec";"git://git.apache.org/commons-exec.git";"commons-exec.git"
"Apache Commons FileUpload";"git://git.apache.org/commons-fileupload.git";"commons-fileupload.git"
"Apache Commons IO";"git://git.apache.org/commons-io.git";"commons-io.git"
"Apache Commons Lang";"git://git.apache.org/commons-lang.git";"commons-lang.git"
"Apache Commons Logging";"git://git.apache.org/commons-logging.git";"commons-logging.git"
"Apache Commons Math";"git://git.apache.org/commons-math.git";"commons-math.git"
"Apache Commons Transaction";"git://git.apache.org/commons-transaction.git";"commons-transaction.git"
"Apache Commons Validator";"git://git.apache.org/commons-validator.git";"commons-validator.git"
"Apache Continuum";"git://git.apache.org/continuum.git";"continuum.git"
"Apache CouchDB";"git://git.apache.org/couchdb.git";"couchdb.git"
"Apache CXF Distributed OSGi";"git://git.apache.org/cxf-dosgi.git";"cxf-dosgi.git"
"Apache CXF";"git://git.apache.org/cxf.git";"cxf.git"
"Apache DeltaCloud";"git://git.apache.org/deltacloud.git";"deltacloud.git"
"Apache Derby";"git://git.apache.org/derby.git";"derby.git"
"Apache DirectMemory";"git://git.apache.org/directmemory.git";"directmemory.git"
"Apache Directory Clients";"git://git.apache.org/directory-clients.git";"directory-clients.git"
"Apache Directory Daemon";"git://git.apache.org/directory-daemon.git";"directory-daemon.git"
"Apache Directory Installers";"git://git.apache.org/directory-installers.git";"directory-installers.git"
"Apache Directory Project";"git://git.apache.org/directory-project.git";"directory-project.git"
"Apache Directory Samples";"git://git.apache.org/directory-samples.git";"directory-samples.git"
"Apache Directory Server";"git://git.apache.org/directory-server.git";"directory-server.git"
"Apache Directory Shared";"git://git.apache.org/directory-shared.git";"directory-shared.git"
"Apache Directory Skins";"git://git.apache.org/directory-skins.git";"directory-skins.git"
"Apache Directory Studio Plugin";"git://git.apache.org/directory-studio-plugin.git";"directory-studio-plugin.git"
"Apache Directory Studio";"git://git.apache.org/directory-studio.git";"directory-studio.git"
"Apache Empire-db";"git://git.apache.org/empire-db.git";"empire-db.git"
"Apache ESME (incubating)";"git://git.apache.org/esme.git";"esme.git"
"Apache Etch (incubating)";"git://git.apache.org/etch.git";"etch.git"
"Apache Felix";"git://git.apache.org/felix.git";"felix.git"
"Apache Flex - Site (Incubating)";"git://git.apache.org/flex-site.git";"flex-site.git"
"Apache Flex - Whiteboard (Incubating)";"git://git.apache.org/flex-whiteboard.git";"flex-whiteboard.git"
"Apache Flex (Incubating)";"git://git.apache.org/flex.git";"flex.git"
"Apache Flood";"git://git.apache.org/flood.git";"flood.git"
"Apache Flume";"git://git.apache.org/flume.git";"flume.git"
"Apache FOP";"git://git.apache.org/fop.git";"fop.git"
"Apache Forrest";"git://git.apache.org/forrest.git";"forrest.git"
"Apache FtpServer";"git://git.apache.org/ftpserver.git";"ftpserver.git"
"Apache Geronimo Devtools";"git://git.apache.org/geronimo-devtools.git";"geronimo-devtools.git"
"Apache Geronimo genesis";"git://git.apache.org/geronimo-genesis.git";"geronimo-genesis.git"
"Apache Geronimo gshell";"git://git.apache.org/geronimo-gshell.git";"geronimo-gshell.git"
"Apache Geronimo jaspi";"git://git.apache.org/geronimo-jaspi.git";"geronimo-jaspi.git"
"Apache Geronimo javamail";"git://git.apache.org/geronimo-javamail.git";"geronimo-javamail.git"
"Apache Geronimo Schema j2ee 1.4";"git://git.apache.org/geronimo-schema-14.git";"geronimo-schema-14.git"
"Apache Geronimo Schema Java EE 5";"git://git.apache.org/geronimo-schema-5.git";"geronimo-schema-5.git"
"Apache Geronimo Schema Java EE 6";"git://git.apache.org/geronimo-schema-6.git";"geronimo-schema-6.git"
"Apache Geronimo specs";"git://git.apache.org/geronimo-specs.git";"geronimo-specs.git"
"Apache Geronimo txmanager";"git://git.apache.org/geronimo-txmanager.git";"geronimo-txmanager.git"
"Apache Geronimo xbean";"git://git.apache.org/geronimo-xbean.git";"geronimo-xbean.git"
"Apache Geronimo yoko";"git://git.apache.org/geronimo-yoko.git";"geronimo-yoko.git"
"Apache Geronimo";"git://git.apache.org/geronimo.git";"geronimo.git"
"Apache Giraph";"git://git.apache.org/giraph.git";"giraph.git"
"Apache Gora";"git://git.apache.org/gora.git";"gora.git"
"Apache Hadoop common";"git://git.apache.org/hadoop-common.git";"hadoop-common.git"
"Apache Hadoop HDFS";"git://git.apache.org/hadoop-hdfs.git";"hadoop-hdfs.git"
"Apache Hadoop MapReduce";"git://git.apache.org/hadoop-mapreduce.git";"hadoop-mapreduce.git"
"Apache Hama";"git://git.apache.org/hama.git";"hama.git"
"Apache Harmony";"git://git.apache.org/harmony.git";"harmony.git"
"Apache Hadoop HBase";"git://git.apache.org/hbase.git";"hbase.git"
"Apache HCatalog";"git://git.apache.org/hcatalog.git";"hcatalog.git"
"Apache Hive";"git://git.apache.org/hive.git";"hive.git"
"Apache HttpComponents HttpAsyncClient";"git://git.apache.org/httpasyncclient.git";"httpasyncclient.git"
"Apache HttpClient";"git://git.apache.org/httpclient.git";"httpclient.git"
"Apache HttpCore";"git://git.apache.org/httpcore.git";"httpcore.git"
"Apache HTTPD Docs Build";"git://git.apache.org/httpd-docs-build.git";"httpd-docs-build.git"
"Apache HTTP Server";"git://git.apache.org/httpd.git";"httpd.git"
"Apache Weinre";"git://git.apache.org/incubator-cordova-weinre.git";"incubator-cordova-weinre.git"
"Apache Cordova wp7";"git://git.apache.org/incubator-cordova-wp7.git";"incubator-cordova-wp7.git"
"Apache DeltaSpike";"git://git.apache.org/incubator-deltaspike.git";"incubator-deltaspike.git"
"Apache S4";"git://git.apache.org/incubator-s4.git";"incubator-s4.git"
"Apache Ivy";"git://git.apache.org/ivy.git";"ivy.git"
"Apache IvyDE";"git://git.apache.org/ivyde.git";"ivyde.git"
"Apache Jackrabbit Oak";"git://git.apache.org/jackrabbit-oak.git";"jackrabbit-oak.git"
"Apache Jackrabbit";"git://git.apache.org/jackrabbit.git";"jackrabbit.git"
"Apache James IMAP";"git://git.apache.org/james-imap.git";"james-imap.git"
"Apache James jSPF";"git://git.apache.org/james-jspf.git";"james-jspf.git"
"Apache James Mailbox";"git://git.apache.org/james-mailbox.git";"james-mailbox.git"
"Apache James Mime4j";"git://git.apache.org/james-mime4j.git";"james-mime4j.git"
"Apache James protocols";"git://git.apache.org/james-protocols.git";"james-protocols.git"
"Apache James";"git://git.apache.org/james.git";"james.git"
"Apache Jena - ARQ (Incubating)";"git://git.apache.org/jena-arq.git";"jena-arq.git"
"Apache Jena - core (Incubating)";"git://git.apache.org/jena-core.git";"jena-core.git"
"Apache Jena - Eyeball (Incubating)";"git://git.apache.org/jena-eyeball.git";"jena-eyeball.git"
"Apache Jena - Fuseki (Incubating)";"git://git.apache.org/jena-fuseki.git";"jena-fuseki.git"
"Apache Jena - IRI (Incubating)";"git://git.apache.org/jena-iri.git";"jena-iri.git"
"Apache Jena - JenaTop (Incubating)";"git://git.apache.org/jena-jenatop.git";"jena-jenatop.git"
"Apache Jena - Joseki (Incubating)";"git://git.apache.org/jena-joseki.git";"jena-joseki.git"
"Apache Jena - LARQ (Incubating)";"git://git.apache.org/jena-larq.git";"jena-larq.git"
"Apache Jena - SDB (Incubating)";"git://git.apache.org/jena-sdb.git";"jena-sdb.git"
"Apache Jena - Site (Incubating)";"git://git.apache.org/jena-site.git";"jena-site.git"
"Apache Jena - TDB (Incubating)";"git://git.apache.org/jena-tdb.git";"jena-tdb.git"
"Apache JMeter";"git://git.apache.org/jmeter.git";"jmeter.git"
"Apache JSPWiki (incubating)";"git://git.apache.org/jspwiki.git";"jspwiki.git"
"Apache Kafka";"git://git.apache.org/kafka.git";"kafka.git"
"Apache Kalument (Incubating)";"git://git.apache.org/kalumet.git";"kalumet.git"
"Apache Kandula";"git://git.apache.org/kandula.git";"kandula.git"
"Apache Karaf Cellar";"git://git.apache.org/karaf-cellar.git";"karaf-cellar.git"
"Apache Karaf Site";"git://git.apache.org/karaf-site.git";"karaf-site.git"
"Apache Karaf";"git://git.apache.org/karaf.git";"karaf.git"
"Apache Oak";"git://git.apache.org/labs-oak.git";"labs-oak.git"
"Apache Lenya";"git://git.apache.org/lenya.git";"lenya.git"
"Apache libcloud (incubating)";"git://git.apache.org/libcloud.git";"libcloud.git"
"Apache log4cxx";"git://git.apache.org/log4cxx.git";"log4cxx.git"
"Apache log4j component";"git://git.apache.org/log4j-component.git";"log4j-component.git"
"Apache log4j extras";"git://git.apache.org/log4j-extras.git";"log4j-extras.git"
"Apache log4j receivers";"git://git.apache.org/log4j-receivers.git";"log4j-receivers.git"
"Apache log4j zeroconf";"git://git.apache.org/log4j-zeroconf.git";"log4j-zeroconf.git"
"Apache log4j";"git://git.apache.org/log4j.git";"log4j.git"
"Apache log4net";"git://git.apache.org/log4net.git";"log4net.git"
"Apache log4php";"git://git.apache.org/log4php.git";"log4php.git"
"Apache Lucene & Solr";"git://git.apache.org/lucene-solr.git";"lucene-solr.git"
"Apache Lucene.NET";"git://git.apache.org/lucene.net.git";"lucene.net.git"
"Apache Lucy";"git://git.apache.org/lucy.git";"lucy.git"
"Apache Mahout";"git://git.apache.org/mahout.git";"mahout.git"
"Apache Maven 2";"git://git.apache.org/maven-2.git";"maven-2.git"
"Apache Maven 3";"git://git.apache.org/maven-3.git";"maven-3.git"
"Apache Maven ant tasks";"git://git.apache.org/maven-ant-tasks.git";"maven-ant-tasks.git"
"Apache Maven App Engine";"git://git.apache.org/maven-app-engine.git";"maven-app-engine.git"
"Apache Maven archetype";"git://git.apache.org/maven-archetype.git";"maven-archetype.git"
"Apache Maven Doxia sitetools";"git://git.apache.org/maven-doxia-sitetools.git";"maven-doxia-sitetools.git"
"Apache Maven Doxia tools";"git://git.apache.org/maven-doxia-tools.git";"maven-doxia-tools.git"
"Apache Maven Doxia";"git://git.apache.org/maven-doxia.git";"maven-doxia.git"
"Apache Maven enforcer";"git://git.apache.org/maven-enforcer.git";"maven-enforcer.git"
"Apache Maven Indexer";"git://git.apache.org/maven-indexer.git";"maven-indexer.git"
"Apache Maven Integration Testing";"git://git.apache.org/maven-integration-testing.git";"maven-integration-testing.git"
"Apache Maven jxr";"git://git.apache.org/maven-jxr.git";"maven-jxr.git"
"Apache Maven mercury";"git://git.apache.org/maven-mercury.git";"maven-mercury.git"
"Apache Maven plugin testing";"git://git.apache.org/maven-plugin-testing.git";"maven-plugin-testing.git"
"Apache Maven plugin tools";"git://git.apache.org/maven-plugin-tools.git";"maven-plugin-tools.git"
"Apache Maven plugins";"git://git.apache.org/maven-plugins.git";"maven-plugins.git"
"Apache Maven pom";"git://git.apache.org/maven-pom.git";"maven-pom.git"
"Apache Maven release";"git://git.apache.org/maven-release.git";"maven-release.git"
"Apache Maven repository tools";"git://git.apache.org/maven-repository-tools.git";"maven-repository-tools.git"
"Apache Maven resources";"git://git.apache.org/maven-resources.git";"maven-resources.git"
"Apache Maven sandbox";"git://git.apache.org/maven-sandbox.git";"maven-sandbox.git"
"Apache Maven scm";"git://git.apache.org/maven-scm.git";"maven-scm.git"
"Apache Maven shared";"git://git.apache.org/maven-shared.git";"maven-shared.git"
"Apache Maven site";"git://git.apache.org/maven-site.git";"maven-site.git"
"Apache Maven skins";"git://git.apache.org/maven-skins.git";"maven-skins.git"
"Apache Maven Surefire";"git://git.apache.org/maven-surefire.git";"maven-surefire.git"
"Apache Maven wagon";"git://git.apache.org/maven-wagon.git";"maven-wagon.git"
"Apache Maven";"git://git.apache.org/maven.git";"maven.git"
"Apache Mesos";"git://git.apache.org/mesos.git";"mesos.git"
"Apache MINA SSHD";"git://git.apache.org/mina-sshd.git";"mina-sshd.git"
"Apache MINA";"git://git.apache.org/mina.git";"mina.git"
"Apache mod_perl";"git://git.apache.org/mod_perl.git";"mod_perl.git"
"Apache MRUnit";"git://git.apache.org/mrunit.git";"mrunit.git"
"Apache MyFaces ExtCDI (CODI)";"git://git.apache.org/myfaces-extcdi.git";"myfaces-extcdi.git"
"Apache MyFaces ExtVal";"git://git.apache.org/myfaces-extval.git";"myfaces-extval.git"
"Apache MyFaces Html5 Renderkit";"git://git.apache.org/myfaces-html5.git";"myfaces-html5.git"
"Apache MyFaces Portlet-Bridge";"git://git.apache.org/myfaces-portlet-bridge.git";"myfaces-portlet-bridge.git"
"Apache MyFaces Scripting";"git://git.apache.org/myfaces-scripting.git";"myfaces-scripting.git"
"Apache MyFaces";"git://git.apache.org/myfaces.git";"myfaces.git"
"Apache NPanday ITs";"git://git.apache.org/npanday-its.git";"npanday-its.git"
"Apache NPanday";"git://git.apache.org/npanday.git";"npanday.git"
"Apache Nutch";"git://git.apache.org/nutch.git";"nutch.git"
"Apache Nuvem";"git://git.apache.org/nuvem.git";"nuvem.git"
"Apache ODE";"git://git.apache.org/ode.git";"ode.git"
"Apache OFBiz";"git://git.apache.org/ofbiz.git";"ofbiz.git"
"Apache Oozie";"git://git.apache.org/oozie.git";"oozie.git"
"Apache OpenEJB";"git://git.apache.org/openejb.git";"openejb.git"
"Apache OpenJPA";"git://git.apache.org/openjpa.git";"openjpa.git"
"Apache OpenNLP (Incubating)";"git://git.apache.org/opennlp.git";"opennlp.git"
"Apache OpenWebBeans";"git://git.apache.org/openwebbeans.git";"openwebbeans.git"
"Apache PDFBox";"git://git.apache.org/pdfbox.git";"pdfbox.git"
"Apache Photark - Mobile (Incubating)";"git://git.apache.org/photark-mobile.git";"photark-mobile.git"
"Apache Photark - Server (Incubating)";"git://git.apache.org/photark.git";"photark.git"
"Apache Pig";"git://git.apache.org/pig.git";"pig.git"
"Apache Pivot";"git://git.apache.org/pivot.git";"pivot.git"
"Apache Pluto";"git://git.apache.org/pluto.git";"pluto.git"
"Apache POI";"git://git.apache.org/poi.git";"poi.git"
"Apache Qpid";"git://git.apache.org/qpid.git";"qpid.git"
"Apache Rampart";"git://git.apache.org/rampart.git";"rampart.git"
"Apache RAT (incubating)";"git://git.apache.org/rat.git";"rat.git"
"Apache Rave";"git://git.apache.org/rave.git";"rave.git"
"Apache Redback components";"git://git.apache.org/redback-components.git";"redback-components.git"
"Apache Redback core";"git://git.apache.org/redback-core.git";"redback-core.git"
"Apache River";"git://git.apache.org/river.git";"river.git"
"Apache Roller";"git://git.apache.org/roller.git";"roller.git"
"Apache Sandesha";"git://git.apache.org/sandesha.git";"sandesha.git"
"Commons Sanselan";"git://git.apache.org/sanselan.git";"sanselan.git"
"Apache Santuario C++";"git://git.apache.org/santuario-cpp.git";"santuario-cpp.git"
"Apache Santuario Java";"git://git.apache.org/santuario-java.git";"santuario-java.git"
"Apache Savan";"git://git.apache.org/savan.git";"savan.git"
"Apache ServiceMix archetypes";"git://git.apache.org/servicemix-archetypes.git";"servicemix-archetypes.git"
"Apache ServiceMix components";"git://git.apache.org/servicemix-components.git";"servicemix-components.git"
"Apache ServiceMix Documentation";"git://git.apache.org/servicemix-documentation.git";"servicemix-documentation.git"
"Apache ServiceMix Maven plug-ins";"git://git.apache.org/servicemix-maven-plugins.git";"servicemix-maven-plugins.git"
"Apache ServiceMix POM";"git://git.apache.org/servicemix-pom.git";"servicemix-pom.git"
"Apache ServiceMix utils";"git://git.apache.org/servicemix-utils.git";"servicemix-utils.git"
"Apache ServiceMix website";"git://git.apache.org/servicemix-website.git";"servicemix-website.git"
"Apache ServiceMix 3";"git://git.apache.org/servicemix3.git";"servicemix3.git"
"Apache ServiceMix 4 bundles";"git://git.apache.org/servicemix4-bundles.git";"servicemix4-bundles.git"
"Apache ServiceMix 4 features";"git://git.apache.org/servicemix4-features.git";"servicemix4-features.git"
"Apache ServiceMix 4 kernel";"git://git.apache.org/servicemix4-kernel.git";"servicemix4-kernel.git"
"Apache ServiceMix 4 legal";"git://git.apache.org/servicemix4-legal.git";"servicemix4-legal.git"
"Apache ServiceMix 4 NMR";"git://git.apache.org/servicemix4-nmr.git";"servicemix4-nmr.git"
"Apache ServiceMix 4 specs";"git://git.apache.org/servicemix4-specs.git";"servicemix4-specs.git"
"Apache ServiceMix 5";"git://git.apache.org/servicemix5.git";"servicemix5.git"
"Apache Shindig";"git://git.apache.org/shindig.git";"shindig.git"
"Apache Shiro";"git://git.apache.org/shiro.git";"shiro.git"
"Apache Sling";"git://git.apache.org/sling.git";"sling.git"
"Apache Solr";"git://git.apache.org/solr.git";"solr.git"
"Apache SpamAssassin";"git://git.apache.org/spamassassin.git";"spamassassin.git"
"Apache Sqoop";"git://git.apache.org/sqoop.git";"sqoop.git"
"Apache Stanbol (incubating)";"git://git.apache.org/stanbol.git";"stanbol.git"
"Apache C++ Standard Library";"git://git.apache.org/stdcxx.git";"stdcxx.git"
"Apache Struts Maven";"git://git.apache.org/struts-maven.git";"struts-maven.git"
"Apache Struts Sandbox";"git://git.apache.org/struts-sandbox.git";"struts-sandbox.git"
"Apache Struts site";"git://git.apache.org/struts-site.git";"struts-site.git"
"Apache Struts 1";"git://git.apache.org/struts1.git";"struts1.git"
"Apache Struts 2";"git://git.apache.org/struts2.git";"struts2.git"
"Apache Subversion";"git://git.apache.org/subversion.git";"subversion.git"
"Apache Synapse";"git://git.apache.org/synapse.git";"synapse.git"
"Apache Tapestry 3";"git://git.apache.org/tapestry3.git";"tapestry3.git"
"Apache Tapestry 4";"git://git.apache.org/tapestry4.git";"tapestry4.git"
"Apache Tapestry 5";"git://git.apache.org/tapestry5.git";"tapestry5.git"
"Apache Thrift (incubating)";"git://git.apache.org/thrift.git";"thrift.git"
"Apache Tika";"git://git.apache.org/tika.git";"tika.git"
"Apache Tiles";"git://git.apache.org/tiles.git";"tiles.git"
"Apache Tomcat Connectors";"git://git.apache.org/tomcat-connectors.git";"tomcat-connectors.git"
"Apache Tomcat Maven plugin";"git://git.apache.org/tomcat-maven-plugin.git";"tomcat-maven-plugin.git"
"Apache Tomcat Native";"git://git.apache.org/tomcat-native.git";"tomcat-native.git"
"Apache Tomcat";"git://git.apache.org/tomcat.git";"tomcat.git"
"Apache Tomcat 5.5.x";"git://git.apache.org/tomcat55.git";"tomcat55.git"
"Apache Tomcat 6.0.x";"git://git.apache.org/tomcat60.git";"tomcat60.git"
"Apache Tomcat 7.0.x";"git://git.apache.org/tomcat70.git";"tomcat70.git"
"Apache TrafficServer Plugins";"git://git.apache.org/trafficserver-plugins.git";"trafficserver-plugins.git"
"Apache TrafficServer";"git://git.apache.org/trafficserver.git";"trafficserver.git"
"Apache Tuscany DAS";"git://git.apache.org/tuscany-das.git";"tuscany-das.git"
"Apache Tuscany SCA 1.x";"git://git.apache.org/tuscany-sca-1.x.git";"tuscany-sca-1.x.git"
"Apache Tuscany SCA 2.x";"git://git.apache.org/tuscany-sca-2.x.git";"tuscany-sca-2.x.git"
"Apache Tuscany SCA C++";"git://git.apache.org/tuscany-sca-cpp.git";"tuscany-sca-cpp.git"
"Apache Tuscany SDO";"git://git.apache.org/tuscany-sdo.git";"tuscany-sdo.git"
"Apache Vysper";"git://git.apache.org/vysper.git";"vysper.git"
"Apache Wave";"git://git.apache.org/wave.git";"wave.git"
"Apache Web Services Axiom";"git://git.apache.org/webservices-axiom.git";"webservices-axiom.git"
"Apache Web Services Commons XMLSchema";"git://git.apache.org/webservices-commons-xmlschema.git";"webservices-commons-xmlschema.git"
"Apache Web Services Neethi";"git://git.apache.org/webservices-neethi.git";"webservices-neethi.git"
"Apache Web Services XmlSchema";"git://git.apache.org/webservices-xmlschema.git";"webservices-xmlschema.git"
"Apache Whirr";"git://git.apache.org/whirr.git";"whirr.git"
"Apache Wicket";"git://git.apache.org/wicket.git";"wicket.git"
"Apache Wink (incubating)";"git://git.apache.org/wink.git";"wink.git"
"Apache WSS4J";"git://git.apache.org/wss4j.git";"wss4j.git"
"Apache Xalan C++";"git://git.apache.org/xalan-c.git";"xalan-c.git"
"Apache Xalan Java";"git://git.apache.org/xalan-j.git";"xalan-j.git"
"Apache Xerces C++";"git://git.apache.org/xerces-c.git";"xerces-c.git"
"Apache Xerces2 Java";"git://git.apache.org/xerces2-j.git";"xerces2-j.git"
"Apache XML Graphics Commons";"git://git.apache.org/xml-graphics-commons.git";"xml-graphics-commons.git"
"Apache XMLBeans";"git://git.apache.org/xmlbeans.git";"xmlbeans.git"
"Apache Zeta Components";"git://git.apache.org/zetacomponents.git";"zetacomponents.git"
"Apache Hadoop ZooKeeper";"git://git.apache.org/zookeeper.git";"zookeeper.git"
 
